Species,QueryCoverage,Identity
Campylobacter,100,99.7289972899729
Escherichia,100,99.7289972899729
Shigella,100,99.59349593495935
Klebsiella,100,99.59349593495935
Salmonella,100,99.59349593495935
